Suspicious Transaction ID,Client ID,Transaction ID,Transaction Date,Amount,Reason
b638712b-9f9a-478e-9aad-314eadbb0a1a,a6768ea0-649b-487c-b8c5-b40f6dc02ce4,81d7fd82-a4d9-42c9-85b5-48d347cdf269,2023-03-03 08:09:14,228.99988839320812,Central others grow enjoy cup answer even piece.
c9183659-365c-4fc0-8280-04f4d742b8a7,96010be7-946e-4377-b0d6-647a5a74bdf4,7e7bbf8d-37c5-4125-a378-9384168356fb,2023-06-11 08:26:08,298.9491233609227,Member change tonight ago medical behavior boy wait.
cc7d2d6d-5fe3-4208-8493-5137ef014579,d3827f20-af47-41dd-b80a-47b45492dc19,2c3755be-ff28-4830-88fd-da21dd2f4741,2023-02-14 11:22:13,426.3535125966688,Thing mission program able research.
0a1e87f8-fa54-467c-bde4-a8d73a9083f4,7466cac1-abdf-4a69-85cf-1718743888ac,6479df43-2f2e-4087-83bd-e379ded5c2b0,2023-02-04 04:28:01,382.1303111311517,Land defense past prevent on.
a1cb47eb-e002-46b5-a96f-c1ad7932474e,d6101df3-1f82-4835-9f8b-19c52d9e810c,80f0e000-c994-4549-9f3d-0ec2fd11b997,2023-01-15 01:15:03,183.221342368549,Spend help start.
06e05c02-3f8e-4cb9-a189-75fd1bc2ca26,cdb01fc0-1798-4a9e-91ee-9472e82ad366,abfaa9a7-19a8-47f3-9bb2-a5afb97a8e33,2023-02-18 17:43:07,141.04018308867484,Animal see charge.
22221c2c-68b2-4c92-bfc2-f073f3f65a65,c7044dc6-fbcb-4727-b90e-53397d80fffa,1ce8cc94-74f3-47d4-918d-db6e99d635fe,2023-07-03 15:48:43,404.4342123936221,Leg hit blood painting.
5d244350-9ce3-4851-9803-fbac9097ab47,fff2ee03-ad8c-42c6-ac0b-6225fee74ac8,4ce793b0-8a28-495c-984b-1d08eb821acc,2023-03-18 18:18:42,80.53692996935855,How evidence second toward institution attention traditional.
5454ddb5-58ab-43e8-a893-a1221f2a8b7d,49fee2be-3551-4ef0-b197-e15f6480c1ff,a5bd502e-8b1f-4d90-b2eb-03e17c9d3a3b,2023-06-11 05:13:58,180.81858991825456,Each century threat poor.
75233df2-7076-4d12-8e0d-e03d9773d9db,53cc75e9-e5b9-4eab-b815-de89ecd65cb1,a7874911-7bd4-4a89-8a06-0932c8e1f95b,2023-01-15 18:15:35,79.9624963344026,Recognize other along them follow institution professional.
5140d119-f8ff-435b-98e3-8ba469a3fd71,94278a2c-02fa-4427-9680-0284f800b670,072cde4f-6aca-4daf-8ca3-6433ea740376,2023-01-07 18:00:09,190.90484581440387,Meeting billion official commercial receive themselves American.
f7b847f4-4b60-4975-85cf-e8dc57b7d341,b23bb115-8c9d-498a-846d-62628ad2bfdf,68bb90e9-0d17-49db-832e-e8b37bf56c81,2023-01-17 21:46:11,325.5659418628436,Write small their especially expect.
0b1ca4cf-9084-4f4a-a2f8-3516d1a22dac,9f3ac091-c516-41a2-bac6-de9fd09bdffd,47d880c9-d444-415f-ac2c-de75658ec569,2023-03-08 20:38:33,95.64765789938603,Debate loss during within section key.
6d440ec1-d79c-4dfc-b23c-e370285f127f,72cbef54-9e06-46da-8138-a78d4c190b72,669733d9-9105-4ab5-a5fa-5abcb8c0cf58,2023-06-07 03:51:02,258.78280502256575,Season bad energy PM.
264780d9-7166-43bd-a313-92bda489dc30,2e3db14f-6ad8-4eae-91f9-f49b08201b00,b95840c0-9db0-4c31-8f50-950b4345f413,2023-02-20 17:06:27,88.28047511965919,Instead rise reduce around approach kind direction.
ff8ea466-3232-455a-9c82-335a8d35ae21,72c218fb-34b8-4f87-ae48-e25c57ee311d,9a0aa1f2-b62c-46a3-876f-01726aa92330,2023-03-27 12:14:16,245.4251689093339,Understand skill according simply no.
fcecba38-7242-4e4b-8a24-49feb8480759,b9da928d-f2dc-4c50-a09b-84cd47cb1a00,50d9cd89-417a-488d-bd80-69f44d22ce3c,2023-03-26 11:58:59,300.75666430803244,Figure mother receive shoulder.
d107a04e-0a2c-44b3-981f-508d8b516ba8,93e4bc88-791c-4a27-a660-c364d89e8933,5c432a50-8f45-4e2d-b383-44d04d6f0d65,2023-02-01 10:20:02,217.02412724960226,Lose government my event range not.
26570fc9-48db-4526-8a7c-f21d39959771,1e678105-7561-40cb-aded-7b9f30b99ba7,0919d7a4-be06-4593-94a9-fecdb5d6e747,2023-03-10 02:27:58,303.2010388877465,Player another more keep.
86e03811-3c99-4cdb-a8d5-53514ae83df0,acd639b3-b5a6-4a30-b121-bb0af016090f,2506cd2f-44b1-483a-bf15-474c6c5ae516,2023-01-06 04:57:39,194.23836714690646,Place it office.
99269d39-e531-4f9b-a4e0-69610852b5a8,45a033d9-471b-4c28-8e75-5e657a66eb02,2a0a0943-ee13-4bb6-916a-ac1056a27135,2023-06-16 03:41:12,172.67459364711976,Church else power argue behind team beyond along.
3f4575a3-4fdb-4638-801c-22b7a4ad0c02,3bf9d576-d02e-4ea6-834e-966953aef7ee,80f0e000-c994-4549-9f3d-0ec2fd11b997,2023-07-12 19:04:59,183.221342368549,Huge foot member sound.
291110b2-45f5-43b0-b4a3-a928d7268bf9,7fe7547c-7af8-475b-b9dc-b934fd7deeef,3ef561ea-a9d9-4c14-a318-73986a4ef2b5,2023-06-02 18:25:21,55.86949733698978,Push risk structure soldier.
c9c1df6d-eb05-4cce-9ea9-f6fe988cf8fd,64735c00-0b3e-4668-9877-7561592ba7a3,5fa7a0c7-cc0a-4a56-9326-5038c649794a,2023-05-20 15:37:25,69.02659488389168,Civil miss car southern.
e697321d-82cd-42d1-800d-95b80b9b6c98,164f2906-a39d-49fb-a995-c44f63664d47,c21ad6ad-5675-4fd1-a0e0-830176050f32,2023-05-03 05:16:03,117.87460565290456,Economy majority particularly future listen specific.
cf90832e-da36-4f1b-9644-a01ff6514935,4a984c71-bc2b-495b-a703-8e66870242f4,ffdc7248-75dc-400a-b093-eaad8e71841d,2023-08-02 12:32:57,322.1619041263154,A pull space quickly.
c041588b-c594-48d5-ac06-fa1900e4b095,f8d6c6c3-7156-47f3-9822-d6eb8cd23a68,09b2802a-b656-499e-ac06-2fbd1e2f1e32,2023-08-03 00:01:05,118.98421803914368,More later still its fund.
47839400-7982-411c-b682-a26bfb0c33dd,7ee98a9c-55a1-46e9-80a3-68c82e1bf615,1ce8cc94-74f3-47d4-918d-db6e99d635fe,2023-04-22 03:44:49,404.4342123936221,Beat a baby.
8506cfa5-e288-44d0-aca9-be1e15d5374b,38cfc75f-8faf-4151-a042-5dbb7160a219,ece59e21-c827-4237-b4e9-6ebaae81ff8c,2023-06-03 21:18:28,299.73656985646846,Role activity determine.
76ae3bf1-5359-4288-94f0-cd44f0d6abe6,7d028769-0a21-490c-a0d5-dff3731ac20d,85296fc5-daef-40e9-b447-83ffaf0b3f8c,2023-08-15 06:23:35,382.610840434198,Treat north company card prevent must offer.
320b0d4d-44e4-4658-8e64-8d8bf0807fe7,71d5e026-06e6-4946-9967-aa19e0885443,75e63528-02ac-4814-9f3f-ad6e59974ec4,2023-05-25 14:00:57,393.2784645875491,Leg tonight development we music heavy able.
8441d7f9-eed3-43b2-a19b-61f0f2362af2,e1a02d68-8201-4b3c-90bf-b0d022b331ca,37b0f686-d703-48cf-932f-52f92d5b2868,2023-06-16 01:20:43,47.93630895893231,Minute run standard record various too several.
56a46368-f5ef-4f40-848d-e98d3f691f0d,1989fdee-c506-4f20-a8aa-20e3e1644df6,50ed7ec2-b613-469a-a8ff-6639839dbfa5,2023-01-08 10:40:33,39.602412468231734,Number body market maintain wear grow.
76fbba44-805e-48a5-9589-95ab834594da,cfe8f237-5895-4dd2-89e2-0e6ac61648ca,1bacc7f6-f312-47b1-9b64-376ba8749707,2023-07-08 09:32:47,448.2214876162732,Kind choice significant.
4f25f20b-47c4-4ea0-b8af-d09f2122094e,d970064a-2222-4474-98cd-0c0460dec84f,93e40c11-6010-4ecb-a427-4a425cfedf75,2023-03-20 03:07:08,313.866525639,Long must measure.
ecdb0113-e7f6-4fae-b9b2-83a35faa3d28,b98edd7e-dbda-4d3c-9945-757f66f2d69a,0e4b3fc4-486b-429b-9d5b-4c3cce5d035d,2023-07-15 04:44:49,14.027013371734789,In child lay this order claim step.
c77d07a5-090b-4eae-9f91-c3b557d25946,f733414b-76f4-4389-9980-ac78c9319651,bc39ade0-df75-423a-8585-4f9244a29211,2023-05-23 16:44:59,47.44956008973568,Part respond note.
ff60b849-7e03-4bf4-bb24-39b162957820,463235e8-19f0-4016-8c03-a34063c62cd5,8b5d237f-755b-405f-81c3-a929189b3fab,2023-03-29 02:51:55,361.95067436812246,Get production buy study act.
ac55f8d5-594b-4aad-a688-04a261469905,82182bc0-861e-47f7-b457-bb1ff11c6a74,4dfcd68f-462a-4944-8cf0-276fc9969309,2023-05-07 20:24:10,172.77081381524314,Fly where yourself research town then various remember.
5aecb8c4-5feb-4250-8658-b0dbf7f4d907,78394175-2c9a-4dbe-8e19-4d9ef9b8fe87,1dd44c14-91b5-4f04-8d89-e30282abc1b6,2023-04-15 10:02:13,206.1300267865247,Price establish fall surface story.
2fc79e9a-7870-484c-8cbf-5d97b6416c1c,98f3f396-7a0e-4117-bd30-92beb7903d66,ca4220fe-1028-4625-9f9d-1a18b04e7bff,2023-03-30 18:17:24,29.53518867889193,Instead international than drop media.
158163a5-ab1a-402d-8446-6e415cb20114,8c509b50-083b-4862-afde-4303abb5562e,adae3d34-c9bd-4dc0-b9dc-afbf153657da,2023-02-14 06:28:00,237.28370599220736,Break early raise bad often detail decision.
fd4c45e8-50ec-433a-88a1-e0b312a2cfbf,e205bdb3-c0e4-4a77-9f6b-52e490e39df3,4409d7ea-a916-4b23-890e-b98b856c22b4,2023-06-19 04:46:54,446.91594920551796,Available pull firm table.
755a11d5-2610-4506-983b-8507e80ec2c7,47bb8c9a-aa12-438f-ab70-579c492fdda3,a2ed1645-26a1-47eb-a976-52d25008cff5,2023-05-14 11:49:02,429.0923054675882,This big support recent close.
ae172ef8-09c3-4bc4-8f2c-ff5129f3837c,2722c699-3549-4136-8c11-363df053b4af,f484768c-52b0-4e6d-979b-fb54c7a45dcc,2023-06-30 10:21:14,72.95188508725917,They open eight develop something space even.
15f82935-a3a3-4a47-9136-9b53d9fafdb1,59983c4c-522f-41b5-b531-73a15d01d06c,e4ad684b-3a91-4685-b7fe-9a39c6493d9e,2023-06-19 00:01:31,106.19153582595388,Buy political discover together girl.
356ecfdf-4815-46b2-b8c6-145bfe655dc0,83d56c02-7f64-482e-b5dd-d59dbd97d0d8,6e6fb957-a379-49bd-a5df-d3167caf2df6,2023-03-12 23:46:25,177.77866856715946,Even make choice state maybe good set.
2f78ef6a-4677-43e7-b794-e59f89d91bbf,8d26df9b-fdff-4bed-b3cd-7153efc676ce,d1617fb2-1d20-46ef-9c20-b0724b3f9685,2023-07-27 16:50:02,98.7044158516552,Arrive carry start peace during hotel.
f8e6ea20-c382-46d1-841c-06d75daff9f3,fd10e002-2083-4903-87bb-638676dd206d,2ce4421b-1838-42c9-a4a0-b514ba533f2b,2023-05-09 04:15:16,396.897636935297,Newspaper environmental gas peace sound.
06cb0260-d214-4396-a898-ae0d32584c83,75595b2b-606f-4aa8-bde8-59e140df5d84,d9717951-018e-43af-a0c6-378bf02ec63b,2023-04-10 22:14:18,117.7676534381196,Glass matter attack sell foreign clearly senior development.
2f6c6c63-9c31-499c-b534-3d2439d46a88,e236354c-7996-46f1-a45a-98a35cd4a985,86714e4a-5c61-42d1-93d3-9cbdc44758c2,2023-01-27 23:12:56,174.90724197286966,General PM sister analysis need too kitchen professor.
96460485-e391-4e24-b8c7-367c6f0a745f,c2c0106f-493a-4f30-98f9-feee0f606416,879adc71-1aa1-41c6-a0b5-796f16604d65,2023-02-19 11:33:52,214.19987604474116,Agreement right organization book ok visit majority.
f3c0043f-6acc-4398-bab5-6b11695c8240,87ebd81c-37b4-41c1-ad50-23cf49c3b6de,ca1ce957-a3af-4b09-8c84-21022b409c68,2023-02-17 21:52:08,101.24293133655007,Worry hope daughter build.
cb5bf78c-01c7-4298-9916-a82e2266e9e8,d4683397-f97b-450a-a8a1-46da2dd0f361,1adf6f69-e570-4a3c-a6b5-f0e9a1236033,2023-07-18 08:58:18,65.42372217597978,Young order statement away physical.
46d4ae23-56b1-4568-b8e8-967296a5e5a2,bcb61783-82be-457d-85d3-a0daae9ba8ab,d9717951-018e-43af-a0c6-378bf02ec63b,2023-01-11 23:33:39,117.7676534381196,In suffer sing many reality.
e6876e19-ac8b-4107-be12-f4c99f8504fc,27c7ac82-f9b0-4fe7-b03b-df689807e608,beaa6b3d-0868-46cc-bb14-82d111f9bff2,2023-06-29 11:13:04,452.30014799783453,Could summer lawyer lay PM more.
ad041b0b-bfe7-44f8-aa92-55e4a0cc4a61,711d23d0-4afc-4c2d-95da-6afec483f141,bd597180-70ff-4e00-88f8-5133c804d9ff,2023-07-11 21:04:48,191.5641460731527,Station partner risk.
1ffc7a5c-1e1f-4493-a6eb-b7fcdf0e66c5,28b2609f-5c5f-40e0-b949-5d298be27451,61b0b9e0-bfaa-408a-8778-3a8e44f348b7,2023-06-13 23:01:25,89.06083632061721,Conference explain their crime believe.
90be1048-304f-49b2-9fde-0817705177f7,74077692-e4be-4b60-b742-0078ee5b2583,945e2083-33a1-4f6b-9f67-172d5763d0fb,2023-06-01 15:14:14,39.38293618177384,Leg four poor today pull.
c3f3295a-d375-4ad5-aa91-cdf408540b7a,d116012e-ada1-4cdc-a03a-ab86b43d927a,a8cc74a8-5bc6-4d9f-9ac1-4dbab419ad13,2023-01-05 00:08:03,434.7085600542991,Image network become into quality role time ability.
df0d6cb6-e1e1-41a0-a7be-12a072d50142,469dc5ff-3e80-4a8a-a0e6-f6b5aa0385b3,134503c2-578b-4236-8d33-b502d0e1b8a1,2023-04-21 09:27:23,196.30311552696367,Likely space support two newspaper art treat.
90f2912a-73fa-409f-81a0-e7ff0736370f,5ddef728-67b3-42cd-9986-49358858ea6f,b8e72a53-8fe1-415e-834c-571cde101b01,2023-07-18 10:01:34,352.68059000751947,Ago material find money.
4b54f4c2-6bec-465a-a452-01d337b570f2,97880eaf-9629-4061-9482-fa7e0f0636b7,8a4bb835-0a78-4b58-b507-5391ec9b8cc1,2023-06-01 17:04:57,132.17739595819216,Discussion attorney lot single least bad.
b2cc16d7-2e90-4b31-8b26-397dd58c2389,3382d387-8e1e-4133-afb2-c39eddd94bc8,e7fb4158-a7aa-44ce-824c-835f39fbf59d,2023-02-25 04:43:22,67.2939733731191,Pay test adult executive light head.
05086a6d-c968-44da-861b-f68fefb23f8c,93ce0ad7-6eab-46d0-9d03-54dafa72c8c6,502cc4a6-ceca-48ec-8649-a89e1164e4ee,2023-05-15 07:50:47,369.1953877144503,Card town finish call best.
2a9b8488-23d8-41af-a464-209790763eeb,7d028769-0a21-490c-a0d5-dff3731ac20d,1512454f-806a-44f1-b4da-d1685f0e4f77,2023-02-05 09:19:55,190.0480856508429,Agency adult certain bar.
01413ff9-03aa-4348-b443-e4ccc4ce00ea,74762a16-a39f-441b-9eae-10f060fbbd7e,2f3a0002-7ff6-46c9-9f26-683ef07d4904,2023-07-08 21:32:32,411.45409634909566,Science perhaps keep see.
2acd553b-e114-408e-b00e-97540ca9dabd,c208d1fb-02a1-4887-af51-196d9723b3a6,44ed1548-1797-4e08-b27b-b99a3dbecaef,2023-06-09 15:11:03,405.6185023050629,Huge black personal democratic scientist hospital seem century.
cb101852-d371-4ee5-b8e4-6bfd140002bd,b226191f-bdd0-4e9e-89db-b20f7e8b1f7c,e582555e-acbd-4720-9b45-6ca33d1dc6de,2023-01-28 06:09:17,276.84311352672916,Nation movement everything instead spring consumer state.
8477fffd-2349-4ffd-a7cd-5ec65428285a,2c2d8395-3793-434a-b509-846b8ca8add0,f4ed3a87-ae76-4138-a032-a93c9087c4cc,2023-05-18 05:23:53,141.66749678606826,State stand citizen travel brother.
22f17c4a-4e58-4f9a-bd78-f87ac3416163,68af7a62-c66f-4fc1-8f00-1155ada2d952,76fbc526-63c9-426c-bcce-f213628a572a,2023-08-09 08:27:20,287.69801191127414,Job all sometimes than similar establish.
094e1cb7-e211-422b-8efe-5d6c4457c388,1c32b42c-27ea-4994-ade8-09aecece449f,f82f060a-82df-48f3-82d6-fe252e7fb782,2023-02-21 14:56:28,388.5888131695544,Establish surface above thus well three out.
7c269feb-9f85-4090-bd1f-3d1b01ec334b,b378b9b1-0030-4f61-8e5c-a0174249fcc5,b21f7f9d-47d5-40e9-8e59-0e650b2e4b0b,2023-08-02 06:39:18,245.1545208450469,Long degree week.
642a45bc-dcc1-40a4-b548-480738d5f3fa,bf3813d6-5e6e-46e0-b637-b5732830f0f3,936e0104-0e53-4218-b338-0a2319dd0475,2023-05-11 11:22:53,143.12605083741724,Often popular start fear.
96f296d4-7855-471e-bf4a-eed0fef01d10,55f35ba0-af6d-46d1-9b69-aa2b2e5a2556,03b32ded-f8a7-4642-8992-ae791f2381c9,2023-07-03 15:17:21,169.4733356192648,They deep they spend.
99f5fb1a-ac5a-48d0-96db-5116f7d2dd6b,f733414b-76f4-4389-9980-ac78c9319651,4369715d-80d5-48d6-9691-aab154e97896,2023-06-04 11:24:18,383.0837015362047,Face child purpose husband many table expert.
de501a81-faa8-46bd-963b-65424ef5ed02,f02670e7-d153-4b67-a0d6-38018c8348fd,4125e02e-84eb-493d-bf73-ff02a6dec821,2023-01-16 01:24:58,476.4813617204145,Walk debate matter way material.
75985a2a-e9d5-4141-baf2-dfd5aa8fbe79,e47d8967-4727-4b80-8431-d1afb8eefb29,6b635c86-ea5d-4364-a9a7-ea5d98fa97e7,2023-03-03 00:39:18,332.4063094059318,Minute role thing or hope.
bb803b48-e557-4d16-a7e8-c6d8c23c64e7,f470844c-c999-44b5-94de-024b64969a58,b4ba64a8-128c-4a39-a50d-519e3528e36c,2023-02-21 09:15:26,245.2818381990699,Size care fight organization.
9a2cdbc2-be17-4b7e-9b24-ed11d4af0ba5,98d6b7ae-7ed2-4ad4-8f78-e33163b3af60,3ddd97db-bc8e-42f2-9795-86855b49ae42,2023-05-30 05:37:49,68.64046510701804,Control group PM crime.
d6e05439-ecd2-4d87-8f46-c8a5a5e4de99,0b4d4fea-4d8c-407b-a743-c4f3b5c491f6,513f6035-a135-4676-bb1f-ff8da039d304,2023-06-13 09:31:32,344.04216821663294,Commercial media everyone system break including.
608a00ca-12e0-473f-9bd0-3e7d56d015d7,377b1856-11ee-4ee5-a9e2-e7ed2c2c7492,834efc79-b5e4-47aa-bade-5d77c539a16a,2023-02-26 22:20:39,485.01924805308687,Give go simple college.
90457b60-733b-48c3-9255-872d6d60964a,2fa8128e-ecdb-493e-af84-ce3c02eed821,48828ef8-4cf8-42e7-b4c9-7662d67fd241,2023-08-08 17:44:28,181.52427453461138,Other might plan his family air.
bacda2bc-a732-4a1c-aaa9-28385f28848f,57fb6664-ec44-4d3d-bae5-d6381b909c3d,069d1250-2ea6-459d-a891-b2dfc6157d7d,2023-08-01 10:08:02,104.1839490803894,Sing outside father fish dream continue early.
9b3911cf-1b9a-4c6f-858c-6b6e8d2b19c7,f839abd7-6f60-49c7-ae09-a75ce28b5be8,98dc3228-7a70-450c-b957-cd525d59a2fe,2023-07-23 07:57:12,215.9201549975388,Community control but.
8c8c1201-5670-41d7-b667-6532640e7ee7,3d53736a-ea31-4afc-8048-36f38c8b6045,cc3cd343-ad7c-44cc-96cc-b609c418b70d,2023-08-17 07:40:32,207.69506914522523,Item so bar important party these store.
0b8c16b3-c1ff-4f0b-9445-03b4229e6fa4,4c0d3e14-a720-4c68-8c7f-bc914f9d9c78,0f1463e8-c0eb-4425-9f63-4aa01966f5e1,2023-05-02 07:19:36,124.24666903513508,Grow baby yet write else alone center off.
3f7a73e1-cd93-4d78-9a06-39bc669cc5be,e4816afd-c221-4451-b309-94dcd813c84d,39574422-5934-4075-af98-1b708abc696a,2023-08-13 09:28:50,483.4372878609625,Budget for people company.
f800cf11-b117-49ef-a350-7a180a1d9790,38b70be0-11e8-4514-b9b2-2c4c51012512,9dfe7c44-34c4-468d-94dd-9d01d8d04699,2023-05-22 23:37:36,200.44256178935478,Help too control voice certain.
9a2794f1-e0b4-4416-9959-858aed661655,87ebd81c-37b4-41c1-ad50-23cf49c3b6de,45faa748-913e-4579-ba6e-71eda4543736,2023-08-15 17:39:43,132.65547052816885,Piece from yeah on call himself.
85266154-9d11-4180-bad4-49d5dcaad72f,2c2d8395-3793-434a-b509-846b8ca8add0,e5b49ade-653a-487a-9b38-0602eca46c7d,2023-07-10 13:39:37,15.519474112322783,Society good loss quality others.
505b5870-7470-46a5-a70d-7a88bd572425,377b1856-11ee-4ee5-a9e2-e7ed2c2c7492,8fb7ac73-fb94-47dd-b4e6-04f6689eb979,2023-08-19 06:52:28,369.5964745462458,None consumer owner economic never ok concern.
9a5b1f02-09aa-4d84-9e6f-9b4401cb3c3d,679b04bf-a3f3-4c1f-b48c-427ae602cd38,8d38406f-c8f5-47a4-9f6d-94f85ffd5a57,2023-01-09 09:52:37,121.97494791672904,Two around movie discussion fish sell.
d4f408ea-1139-4248-a8e6-48a5ecd6e907,4a2a7a24-7e19-4c68-a96e-1201b27b9900,34a8c63f-ca43-42c0-b27a-5325dd8e35f5,2023-05-23 11:23:44,112.59611379238252,Hundred blood professional onto eye form.
4ecfe36d-6da3-4fff-adfc-ddaebc0b8c6c,5d10d565-c2d2-4e5a-97a8-e2db2ea8b627,d4f801e0-c97f-479e-8a1a-f46333919c1c,2023-07-03 18:56:35,382.84027550977544,Attack method discussion born break one eye.
74490205-32f2-4774-b546-4f432261112d,8a455c09-d1af-4040-8954-88c039f9e034,9e5d461d-b42a-493d-a03b-a7845261dccb,2023-02-12 12:45:30,270.95836687874726,Line fish imagine budget per.
fb77813f-0174-464f-a7e1-978ceb46b7a8,7562c52b-2b62-48dc-b049-99b115010990,2c93ac99-cda4-4836-9c1d-2eae472c29f7,2023-01-21 12:37:11,214.75460995355255,Cut travel without single.
ec5f238c-f4d0-436f-a214-5e103c05ccd0,a818a277-dd18-4555-8805-dd6ed8c414e4,8921e03d-5697-47ae-84f1-fba34f22daf7,2023-07-24 20:33:39,75.26170504151831,Behind its attention.
9c59e2ef-1eee-4eab-9cb6-c009c2e06cf2,a9926041-814e-4722-9199-196cf8c3de4e,97817a9c-fc3e-4cc8-baad-9a9dec84a409,2023-02-23 05:14:40,39.69863161927927,Determine sense consumer security.
8f806840-ba35-4b5f-bdac-f518c9627994,520c9f5b-ca2d-4a1e-807c-d362fa803667,bff08f70-dc52-40f1-b15b-a32f654d145a,2023-05-29 09:06:58,13.036082691145591,On speak soldier modern raise at information.
dbd722e6-f099-4ef5-8cdc-92759e319793,d69dce4f-9a86-490e-b2ce-b2aba25af499,4bc9d79e-3a17-4f6f-907f-74e62042e3a1,2023-08-20 12:20:47,474.9787621780125,Decision teacher kid analysis daughter key must.
2cf7a03a-0dca-4646-9817-dc8b912e15c1,65ddc65a-bc24-49a8-b121-f9d2ff99400c,08f41777-9696-40f5-9cc6-8ab28da4929b,2023-08-15 09:55:25,203.6537461801486,Rule throughout lose situation maybe oil.
81162ae9-89f8-40f5-b385-3b413c746ed6,71c9a257-e4ff-4db1-bd05-034bb669b8c9,2ce4421b-1838-42c9-a4a0-b514ba533f2b,2023-06-08 10:10:48,396.897636935297,Contain argue wait fact.
6f5a0360-357e-4984-98f6-0345b0bdb981,dab00aed-155e-464c-979e-633fa82d4d14,14bdef7d-d19b-4a6d-b6c7-d242926ef2ab,2023-06-07 16:50:37,66.72504141414294,Inside bring offer happen successful too official.
988ff1f0-e220-4d57-aa2e-8f16c383c24c,e205bdb3-c0e4-4a77-9f6b-52e490e39df3,e7fb4158-a7aa-44ce-824c-835f39fbf59d,2023-01-05 09:34:44,67.2939733731191,Box couple serious fight.
06a8422e-bf63-45d2-8d95-dd14780c9d4b,a69ccc05-8ee2-4ee4-bc1e-0ed4bef7d3b4,9088e880-e8db-44fc-860a-7edc940fb8b0,2023-02-01 11:45:02,65.82314899160296,Thought gun increase feeling prevent.
549845f5-9562-45e6-b05a-4d990fa6fc1d,3d4d0639-2c8f-40f5-ad55-fa18156adf26,2dada83b-6815-48b5-906d-69aa305a4965,2023-04-18 08:52:58,217.98804352108417,Continue business factor born someone run appear.
e13799b1-93a9-4b08-a8f5-f12c3b8ec915,1989fdee-c506-4f20-a8aa-20e3e1644df6,f3c88997-5457-44b5-8ed8-39c9962421ae,2023-03-28 12:57:30,261.0175782521908,Successful measure example forward explain as degree.
69a0ea2f-282a-4b2a-9516-aa3a91c0a274,1b7b31fe-5a06-431f-9ca2-cd66cdd5c643,368f9ea1-8f6a-45f5-8857-23f52897231b,2023-07-09 12:16:05,343.04226467360417,Wind seek different sport.
3bc5b697-8ae0-4813-9c1d-1535b282692b,3382d387-8e1e-4133-afb2-c39eddd94bc8,6b635c86-ea5d-4364-a9a7-ea5d98fa97e7,2023-01-15 18:01:04,332.4063094059318,Remain trade goal store inside.
fd8f1941-6e72-40f8-b6d0-d17cbfb02a8b,c08ac985-1ad2-4834-acec-d768e272a719,363bfb0a-a6a7-4768-a152-f9e4404b6f75,2023-07-25 14:30:17,497.4277136606026,Someone to citizen alone sign employee two property.
7dd18bde-5890-4ef3-9bfc-83d5bc0c9046,9bfcd42d-aeaf-445f-9cfd-794c7d3813c1,16b875c8-a9c8-4740-9ebd-beff1f96a694,2023-03-16 13:48:57,118.41252902246868,Chair suffer admit.
6347b4ed-766e-4977-896b-1d31272f6549,72cbef54-9e06-46da-8138-a78d4c190b72,936e0104-0e53-4218-b338-0a2319dd0475,2023-02-15 12:35:11,143.12605083741724,Adult all become interesting family.
67a36a0e-a1b5-4577-bd61-cfadc31005a3,376ca7e1-fb87-4228-a669-c529cf5e5502,50267653-5058-400d-94a8-c38e2a8d469a,2023-05-03 21:18:14,213.42433655865963,Film culture for no power pick.
8cb06049-d9db-4d0a-9321-f46c15409b38,a77ee905-e375-4986-b53e-14f9a017e999,80ac867a-987e-46ba-a7c7-eda3c81f5e9d,2023-08-14 22:30:23,250.12841501954514,Knowledge the another thank language.
521a8b69-e606-471a-9772-325298763679,0be3e213-cb06-4c27-a60d-a9edcd3fa9e4,3ddd97db-bc8e-42f2-9795-86855b49ae42,2023-07-19 00:40:14,68.64046510701804,Likely later trial bring.
c6bc050e-e296-47b7-a0d6-d967778a029a,8a8da3f0-ddd0-42ed-9af4-750e753cd7ba,d200bf5c-6e49-4725-b1be-f38921b9dd72,2023-01-23 12:40:25,392.95361539453194,Here fish create art explain.
5b5a3dab-116a-4d32-ab7c-249a7542ee46,d687b107-2ef2-4d58-b269-f5f2054e5ddc,c456c684-05ee-4280-8cf3-f74fa46ee579,2023-02-12 13:19:28,26.701460377003514,Thought sure ever year player size.
2e280970-a802-4284-8c85-63d2bb224c33,55f7cea7-f934-4246-9603-a0546653280b,a8a647c0-83f5-4ae6-b991-3e73830b55a0,2023-03-05 04:33:37,254.47806902960417,Line but visit low bar room though.
566ece7a-2651-46dd-9647-8bca462eb706,25ae0c56-d5e7-4e9b-bcc1-bda1588bd1ff,23f946bd-6024-4be1-8900-98552051c811,2023-07-02 23:43:46,65.14361937971879,Finish civil visit finish see.
db109298-bc50-4d71-a7fa-b08d9c7f11e5,65ddc65a-bc24-49a8-b121-f9d2ff99400c,d8c6f470-dbdc-4303-9dad-956148ebc673,2023-07-16 08:01:46,28.73125594263354,Outside by hit item house allow arm wish.
b77db522-b99f-4ffe-bff1-d6d22052acb2,9a9a83a0-1aae-4592-aa06-3cc90b2bcc3f,0cb3a344-c63a-4c25-a2db-6195ddeb4d26,2023-02-05 01:19:06,492.48653309845145,Evidence country support different rather deal type defense.
5d9dfffe-5f1e-4799-860e-491a2b536dc8,1537afcc-c160-4bbe-963f-21935a4325cb,54c75176-793b-4d9b-89c8-a0ebe3b60858,2023-05-25 14:51:30,278.96711791137886,Can space billion physical person first.
256158ef-d5a6-4798-876b-387b6ac0e11a,d532c68c-d364-4173-a443-b07313541cce,d3611685-0805-4998-a573-aff0897394a2,2023-06-28 18:28:43,294.1051753460787,Machine teach billion catch our industry attorney.
e2bc002a-4194-405c-af82-bab824b7aa53,6cbe55aa-8a39-4ac4-a398-1e908ae12ed0,c21ca509-8acb-4841-b22e-ed1b5780509f,2023-06-06 07:23:19,142.55357137735882,Protect human within tree different write exist.
1e0a9fd2-9eaf-44eb-984a-f6face7d8c5f,40daaee1-caf8-46ac-bdde-28bc8a2d59cf,42bec0f1-154c-49f6-a797-6f2630cdd58d,2023-02-17 21:03:05,102.8012322106519,Difference fish relationship.
8f4d3ec9-caf3-46b3-a69d-38570d4ff93d,6de6c499-7ae6-4298-879f-ce7aaa83364a,1a8d099e-55eb-418f-b2c8-8015365b645e,2023-05-08 05:46:23,333.19692659498475,Enough democratic any machine old particular movement.
3359e126-895e-413c-8ab3-3ed226e1a5c3,4a771e90-a249-4387-82c2-bfbdc1204184,56193037-8928-4d96-9865-882d9f6057a9,2023-07-09 18:56:30,230.44023124555773,Education without region section avoid property least.
751ba697-918f-4af3-bc2a-67925cb5b6eb,cee91742-d6f5-4ff3-a226-fb1be6a72710,e7fb4158-a7aa-44ce-824c-835f39fbf59d,2023-08-16 15:16:44,67.2939733731191,Table draw little this money.
b725a033-1371-447d-ac59-4cf4dc7329b8,c74dfdfc-8df0-4111-b734-d692e0c199f5,8c99720f-a793-4717-97fb-ef72230af584,2023-05-20 01:34:12,74.66094830500668,Remain require less act.
9cb73166-c2a9-4ea5-8ebd-d21e7ddb280d,b7122eda-0b7c-4963-a8a2-67eed3d8c513,a9915a87-5b8c-4fa0-b6af-fcfa85a95324,2023-01-09 09:38:04,354.4209269466991,Fall born statement city.
5e5dff59-1b68-4d9f-b61c-f75dfe523208,743e921a-d803-48c0-afea-2749bf0002a7,f3c88997-5457-44b5-8ed8-39c9962421ae,2023-07-23 08:01:04,261.0175782521908,Dream action charge kitchen have war sea.
012e7c43-d8f2-469d-9534-7cf703fedca5,8d26df9b-fdff-4bed-b3cd-7153efc676ce,4ce793b0-8a28-495c-984b-1d08eb821acc,2023-03-05 00:07:46,80.53692996935855,Especially assume president recognize type newspaper.
2b6958e5-4494-4898-8a56-41b73f60b5be,61fb0ea4-e13b-4149-aeb9-bf0fc823c29e,6c833924-819a-429d-8023-67ddfe5688f7,2023-05-07 20:47:22,217.82896809905532,Conference better newspaper difference world agree tell.
dee68617-4731-4df5-9833-1c70ae3acfab,377454d8-c3d5-4460-8575-c0ecfb4fb032,188af3a4-f819-4a24-93f5-5e9555074692,2023-02-16 14:44:07,29.56733740785549,Certain news trip this short.
dee4cee8-8652-4964-bc2f-42836ebf8ff7,3baa76f6-a37f-4076-a17f-2fe65559b87b,50d9cd89-417a-488d-bd80-69f44d22ce3c,2023-06-28 21:17:10,300.75666430803244,Apply among agree international party front company.
c93157fa-c39e-4933-937a-6dfa22028aa0,e1553e0e-c577-4910-a0f9-6a4121e69f12,8dc4831a-20c1-4169-b8b3-d0bc9656b515,2023-03-28 15:26:31,468.46430528682026,Process bed hold.
d9540c25-8c7d-4b7e-bc70-ee30acbc1c1c,72896220-f587-4a32-970a-82c4f0ba05a8,1ff54000-7d43-4bc6-ab36-7f114e331b39,2023-06-10 18:49:42,421.60620556800865,Past social arrive one book business.
05aa3d04-fe46-4f16-831e-898d00b485e1,b13e044f-be43-4b06-a806-e26dbb51d07d,d8c6f470-dbdc-4303-9dad-956148ebc673,2023-01-15 19:52:59,28.73125594263354,Brother provide language phone.
89fe23fb-d7e7-47c8-85b7-1201925d62f8,2ad98623-19a5-4e70-921b-4459d7c3296c,27dd216c-3e90-4c7b-b014-233f928e6d4c,2023-04-11 18:09:14,180.19181426905587,You outside significant development expect affect low.
514956e6-0893-4991-80b7-587f751f59c9,c0bab0f8-8a2d-4dbc-b92c-0dfcc6e8725a,73d7ed2e-6147-4752-a984-ab417156ed96,2023-05-02 14:11:58,249.93441463334543,Medical blue near health price.
9ea3ae4f-75a7-48bd-826e-f17de931041a,51db6753-6eb9-4f02-a5ec-97a002526211,0d2392f8-fccb-4e38-a2ed-dd0b5ffcdb39,2023-02-09 22:12:11,90.45041545380725,Understand blood service win democratic.
78cabc16-5c04-4251-8f16-836cb3c7bd13,4ac3b165-0178-477a-9c3a-101042981fef,2be2a42b-cbb9-47fa-ae52-d46a1335df8e,2023-03-10 08:53:48,406.7904320865529,Nor one bag I my purpose billion.
714db766-625e-4345-add8-0d3f51180e52,5dc77557-ec0c-4285-bfe2-cad44a4ccdb4,2e11ebb6-02d7-4c92-86c6-9d7c58558f26,2023-03-29 16:26:04,32.654458065898766,Food compare front Mr husband ball large.
a3f9d9f2-529a-417b-9b73-930d3c875323,db33f4bf-d9c0-44ac-91cb-4bf395c0eef9,88ea5178-e050-40b4-809f-d5e3ebaebd74,2023-01-18 12:38:54,27.599160033488506,Staff lead main ok although five.
999fd0bf-665c-43d2-9406-5d2474496aee,d9542053-6150-484c-aa66-290096d80c9e,a441075a-cf08-4a1c-8358-bed8ae5c03df,2023-04-24 06:56:43,126.6233394913707,Stop discuss challenge more also.
8295a076-a2b1-4845-99c3-3ee43a7e754d,0736decd-59f7-4f1e-b602-5781b911f73d,03b32ded-f8a7-4642-8992-ae791f2381c9,2023-04-06 18:33:51,169.4733356192648,Growth wish natural that east carry effort must.
42f35c2b-0af2-447f-b3e3-846ea7606da2,3b5b19d1-59f4-4251-9196-8170c9764573,ec112b5a-4212-4449-af66-8536ea79f7b0,2023-01-27 01:15:52,37.07661232147633,Thought grow appear main avoid.
df55caa2-998b-4578-914d-d90ef278638f,12be6968-034b-47c7-9251-bbecc60fdeb9,2506cd2f-44b1-483a-bf15-474c6c5ae516,2023-05-15 19:09:42,194.23836714690646,Themselves because to heavy.
b1866b53-eb8f-43cc-8c63-abad61d8efde,7d04471b-d5c8-449c-98cb-1385f9deb790,138b094a-0ef3-4ee2-8274-0622a95a63a1,2023-05-18 19:38:05,382.4709538887152,Else media international baby available.
b9275c74-1b6d-4039-9bc4-48fa1f1f68a0,2308e7d4-904e-4c92-be52-75db0f9bd443,f1f60513-42f1-4fdb-8f3f-4356a1aa7a9b,2023-03-30 01:06:25,204.28105477260647,Cell air career outside list involve wide.
dafb48b0-3b9c-4638-b40a-388f67d0f752,c65add2c-9c4c-40e9-83de-3046b32da598,15c82f15-12b5-4389-9cc0-12233cba1de5,2023-03-17 05:42:27,349.4967188590288,Manage continue same which him enough.
639dba07-ed38-4653-a95e-0e7ecb70a7c4,37b14c98-ba9e-4e66-8e14-491b594e9227,6cb6770b-59c9-4e09-aa0a-ba978d9f89f9,2023-05-02 11:51:14,418.7630210717383,Them human resource every.
dafcbfb8-9beb-4038-9ccc-b1d2d8d674da,f917b223-d6d6-431f-968a-c17918399926,eeafe10d-7f53-43c5-8d31-dcc2a6cd6116,2023-08-13 06:17:09,420.60563929193364,Day much government summer forward too realize.
525ae8ba-a798-4d43-8e62-7055190a8266,38cfc75f-8faf-4151-a042-5dbb7160a219,a7cf4af6-63fa-4a46-bd78-6bd84e7c4660,2023-04-14 09:16:56,135.06001213351692,Some air possible explain head.
58b427d4-780a-4c1d-9008-f77d360dbbc1,4507f07d-7b35-4a30-96ee-4afc4dec7df8,c132ef9c-d8a2-4e87-861b-8cd979cda668,2023-06-16 05:00:12,235.32548911667342,Real particularly start civil that floor.
8c8b775a-5285-4f27-8a8a-3153e9b247b4,6b7ecd0b-1e67-4207-86e7-ce93b620ff99,4bbe9cda-7708-498c-a113-d024b9e3b5d4,2023-02-18 10:30:36,346.33364751602676,Order spend reason could these challenge.
2bdc061e-81d1-4f11-af55-313bc32cc512,007efe9e-5aad-4531-abd1-399f58896f41,04d0a4eb-3eda-4141-8a0e-463f8cde7950,2023-02-14 03:56:24,447.41569149294367,Receive total whose.
80b9ebf5-5fb2-4f28-8775-9639a66193f5,e3d7d063-5ad4-4498-9412-5699150927e4,38e023f1-32e3-4597-8c1c-62610e1a31f9,2023-07-28 22:14:29,371.571042612378,Receive next at lead find decide.
35d0ceb3-0f98-488c-9aba-788b5b56d98d,10ca1dd2-7806-44f2-a011-68b06761c444,1a7f4883-21c8-42de-9d3e-c0b7c3af389d,2023-06-24 09:04:36,211.3338255719861,Management often likely court.
8339a6e2-3bc7-4240-88c2-c83c71db7f3c,b5a1ea73-927a-48ea-8743-9b3a2c7388ae,68bb90e9-0d17-49db-832e-e8b37bf56c81,2023-06-20 11:22:10,325.5659418628436,Education stop use challenge behind point management.
3d45b832-a97f-4d64-ad26-c9b84a605ee1,0add1f4c-9d80-4f7e-8c0f-4605119042d8,9da9ed92-3568-4ac6-bcfb-126667c1b949,2023-02-15 01:47:48,112.50118575443477,Tax land cell blood but.
05590ad2-4b91-40d7-b2f2-11d113d30f74,2f9d7ba9-2865-4d8f-927f-118185d68b70,125a9f36-13f0-4bbc-8c86-8f6445f5497f,2023-07-05 04:40:04,323.8989200341396,Answer market tell movie professor ability five.
15de0ead-2905-4d0b-818c-b510a6e20b68,4a2a7a24-7e19-4c68-a96e-1201b27b9900,8dc4831a-20c1-4169-b8b3-d0bc9656b515,2023-01-27 13:43:15,468.46430528682026,Hour property grow civil.
db5b6c50-922b-42e7-8202-d1d02dca5054,c7681b28-f5f8-4ea2-8df0-e04f39b735b4,2e7ed7a5-5428-47da-b701-817745c8d560,2023-05-18 02:39:39,486.763151517317,Forward certain page trial drop.
3cad4134-eaa7-4afa-a3d5-87b75f836704,a69af0c2-f726-4bba-8ba1-8464c55b956e,4645ef97-9d09-40a6-859e-eb294b3338ce,2023-01-27 21:45:35,60.96906215958289,Cut industry music able common.
e8520f83-8d51-4045-a487-29fac3e5cfff,8f46dadc-2dc1-4623-9da7-ff6aadefbe4a,54d565cf-3570-4e1d-99b0-9f0e898d5511,2023-04-22 20:42:02,22.641609367840847,Group sort writer walk American get.
8a2fd3aa-c4d2-45d2-9334-a06af3240554,82e4c689-0e88-4658-9da7-94ac9dda658b,38e023f1-32e3-4597-8c1c-62610e1a31f9,2023-01-15 00:34:33,371.571042612378,Able town girl add today arm down maybe.
7ac22349-7686-4d63-bee6-c9bb81741b7b,0e3db883-3d27-432f-838b-26c631880a9f,4e087f49-6a5d-4629-b7b8-f290f5a4d7ab,2023-04-13 13:13:59,285.2741478285172,Democratic country face property.
aaa0d482-3177-4850-acf0-ac998ba5b2bb,7d04471b-d5c8-449c-98cb-1385f9deb790,a9a4e07e-42f0-4206-a32a-dea24bd974ac,2023-08-05 05:59:50,277.6145568473864,Pretty stop assume indicate wish morning.
7206307d-d1aa-4927-b341-ec32e3632410,3a0d7d30-9972-48a8-b9e8-0c58ec19c9b2,34a8c63f-ca43-42c0-b27a-5325dd8e35f5,2023-01-20 07:38:20,112.59611379238252,His red thousand happen girl.
626e6800-8963-44ce-b22a-72769b03b5bf,e868b67e-d05f-4180-ab0d-7c8bf215e041,85a8986b-1dc3-4125-a291-28930a9866fb,2023-08-11 21:32:25,413.2923830724534,Benefit appear speak however event beat form.
485814be-9b21-44b4-b6c4-ffecde22d25c,6a56b3af-7ee0-455f-9b0b-4b059cb1a530,fa78e1cb-b003-486f-a340-429b2f3e3d0b,2023-01-25 11:04:45,252.6475584323298,Better by everybody total painting.
b51a05d9-5a7b-48e4-bf6a-d8dd78a0bdc5,e4816afd-c221-4451-b309-94dcd813c84d,98e79150-a3ec-4669-99bf-c95380c42ac2,2023-05-09 03:53:01,465.02151535175506,Window Democrat four newspaper your available.
bda76789-8c0f-4605-bb8e-3080d02e5b18,d532c68c-d364-4173-a443-b07313541cce,1447d6fd-08a8-40ef-a7a3-e68d72449f39,2023-01-07 01:11:51,387.3123163110312,Return carry spend hair relationship tell prevent.
1c133bd4-1a96-4bc8-8e2b-7313000dafd6,f7cd38c9-cd08-4f92-9f47-33398a694526,48f6c394-fc90-4dc5-8d9a-635f73110dcb,2023-08-12 20:39:10,285.7171551816574,Model maybe machine foreign other century.
dce636f1-c147-4a1e-8d01-cb738d74f433,58269063-c9c1-4e44-b6bf-beef28aafabb,3acf3967-3b1a-4c88-9335-88a0c7127d1d,2023-02-10 22:58:26,469.7923502225763,Single form church late sure nearly.
2ff58f67-4145-444d-9d78-42e83d9112d1,a0f3df46-948a-4c64-990c-8c20059226dc,a424a472-4973-4981-a3e0-b347ebf4278c,2023-03-06 18:42:00,455.9647756011835,Window thank federal daughter expert year plan serve.
83e71932-c0f5-4040-a717-ac5166ef3969,2b672b8d-eedf-46e6-883e-0d1ee1f53b8c,a8cc74a8-5bc6-4d9f-9ac1-4dbab419ad13,2023-06-13 09:22:42,434.7085600542991,Gun really watch imagine finally water.
a6354ad2-0f59-4898-aefa-7301c7014557,1b7b31fe-5a06-431f-9ca2-cd66cdd5c643,5420fa98-7555-4464-b5bb-8186c168bba4,2023-01-16 08:10:08,257.7526939230978,Hand other deep serve college him.
4a268b43-3b0f-48a9-b725-6cecd5571229,c10f2e84-dda0-45c2-9c13-9747dfea581e,d28407d3-1e63-47f1-8f88-05e42a988c20,2023-03-09 11:35:19,218.60219642756064,Mention ten item economic.
57b6a88b-3cb5-4e2b-b276-7230b132cee2,6a56b3af-7ee0-455f-9b0b-4b059cb1a530,9ca8c51a-f469-4bb1-b172-3821381d267d,2023-01-06 13:44:25,454.1449637342643,Western spend no eat.
2ba545ed-a5a5-4b34-8f94-37e6e1e480e2,7b189559-8598-4563-8e51-19f9accdaa61,4325be7e-3375-4da6-aaf7-3a30e1fb7fe0,2023-05-26 22:40:03,11.612704901515793,Night develop both end evening training national again.
1be4aa60-45cf-4821-85c0-56fd7f0bf727,1fb50052-26c2-4470-82d3-9e611fc32671,85fdd438-243f-4f48-ae10-e58144fb578d,2023-03-13 13:24:23,179.09243308257135,Say kind agreement young always.
c57d6dbb-9197-4f6e-baa8-f38d59ec094b,98f3f396-7a0e-4117-bd30-92beb7903d66,cf0db0a0-85ee-4dd2-8013-44c749cdb17f,2023-02-18 21:38:34,364.45651292553373,Specific teacher media recognize.
9b174466-346e-4e5a-ad9c-bc0fe47a1c91,8e879b83-0bbe-4ca1-9815-3a5784b8c339,d4fb7615-d8e4-4023-bb4f-bc9196f1c7e1,2023-05-15 22:11:13,482.9786281703949,Per policy choice report give leg effort.
63e23bfb-21df-4f21-a396-1ee2ff2ecaa2,72f23856-8aba-45d2-ae48-c55f031373ee,61b0b9e0-bfaa-408a-8778-3a8e44f348b7,2023-01-20 03:10:27,89.06083632061721,Marriage poor consumer floor him.
43920d8f-476a-4409-bfc5-e07100845ad1,37eb9188-db98-4012-83cb-5d5887c791a8,9eb6291d-abc7-4c21-8a1b-2c612b7c028f,2023-03-09 21:15:37,300.46664296194746,Kitchen team only list.
913d4ee4-d53f-4e10-8d4e-b9b45771a880,f86cefcf-fad8-4f75-bf71-fbb6d7f9330a,affb98bf-ed81-4f57-934a-dbd4756e94d3,2023-02-25 20:58:29,417.34848915137087,Nice blood safe.
dd9f4b8d-b203-4568-831f-50a977e681ac,7facafb3-a10e-4542-a43a-6300d04769a6,2c93ac99-cda4-4836-9c1d-2eae472c29f7,2023-03-24 14:25:06,214.75460995355255,Or article probably travel.
7756139f-8399-42be-87cb-f6b542b69421,d3fb5bcc-bd1e-4efa-a7bd-6b70b9ec64ab,5fa7a0c7-cc0a-4a56-9326-5038c649794a,2023-07-10 18:38:26,69.02659488389168,Sure great network.
d686c73d-75ff-4555-8571-d30a1f42a283,f6a746be-c980-470f-a680-9c58946dd918,d35646c6-5ddb-4d91-8719-e377280fca55,2023-01-09 00:48:19,235.23188407198236,Report certain summer.
054a59f2-5d2d-44b2-9859-d8badca94b26,acad7938-041b-448b-ac5d-90805f3b5dd0,73e3b4e2-6f05-4d37-a6e0-b5009952382f,2023-06-09 22:08:10,409.77635446371505,Officer and eight reason up science real.
35015923-a85b-47f2-b718-94dae45ac5df,8e167608-175d-491f-a4b8-adf1733dbf36,5d058068-f0b2-4fba-8e7c-7c6fa8b2d4ce,2023-04-27 13:33:17,419.650146980132,Direction other language official way make.
477f47fd-46bf-46e8-b247-040dbcf5a420,9b586683-b3f0-41d7-b8df-dd1bf103a2fa,d35646c6-5ddb-4d91-8719-e377280fca55,2023-04-25 18:35:06,235.23188407198236,See anything deal yourself remember over.
577c0e10-b099-43f5-b581-a5f23ee6cb46,9c58443e-e55e-4fb6-840f-4531b4e1e57e,ece36065-be55-4d2b-80e0-a6aa3d7ca7fc,2023-05-04 01:14:10,125.19413616843705,Kid blue approach east bank image.
0d75983a-b7d3-4694-9446-149f466b4b52,a6c192aa-272e-4682-8e90-223c2d43a136,80ac867a-987e-46ba-a7c7-eda3c81f5e9d,2023-08-02 09:57:45,250.12841501954514,Policy language half along structure happen.
02bfd46e-1900-4fb7-aad5-32e31cf04a77,0b3d15e6-d6ce-4650-aee6-4ffe826b4918,fc3bf9e7-bef5-4580-acb7-b6a26c7a2b00,2023-06-05 09:14:27,472.51543325921716,I full nice body father water build.
cafba924-c9ce-4440-8f63-88a565375552,be638a14-6a7e-426a-94e6-3ec9e221cc8c,54153866-465e-4f7e-a6fe-e46e6c5bdde5,2023-05-30 22:08:58,435.66359313123667,Do avoid involve statement.
e367dcc8-6ee6-41b1-bcbc-26f48a9b2582,4652ce22-4f8d-460c-ae13-d271df81c783,05bef6f9-1381-46c0-a1b1-473939dd5559,2023-05-09 02:09:29,351.4418274636477,Could red win catch move.
c2f74ab7-8158-4722-b0e5-966a1336609a,0b18fa1b-90b2-499a-a84f-8fe46cd59216,2a498212-24a5-4f7b-b6cb-04b55db6f142,2023-03-22 07:49:57,346.1969214693811,Compare seem church.
393efe87-1904-4143-8778-18b698d4fe0a,a69af0c2-f726-4bba-8ba1-8464c55b956e,c3c6abee-919a-4327-aee3-6f8b41c2326d,2023-01-14 08:18:23,469.324004007547,Machine song operation example body action contain million.
f36ad626-9a43-45e2-bb9b-d00a113420c6,54e1df2f-88a5-4b94-b2be-bc1c246faf3a,7dc54292-bd8d-4cc8-8043-534744536970,2023-02-13 09:16:20,209.0558264077659,Cost hotel model process financial far name.
b57c5416-c8ed-490c-a7eb-4e3f95e57179,3184ffd1-7b45-44df-b26e-429a1e25bf7e,9dfe7c44-34c4-468d-94dd-9d01d8d04699,2023-07-26 07:09:02,200.44256178935478,Student value travel smile.
ad11c295-e7b2-44cb-9b61-18734ffa872c,393a6927-cfd9-45e4-97f8-b44e86be4a30,68cc5899-f40d-41a4-9893-0e5f9c8e1da9,2023-04-23 11:19:13,274.65069013569104,Matter other involve school analysis.
12f2b7d4-3fa1-42f9-853e-5e5310278f1f,4d89c03a-653c-4758-9d76-354459e49973,8c2c4b1e-563c-4353-af95-16df136bd1aa,2023-01-12 07:23:04,239.38882681890246,For young name whose bit meeting bad.
ce686d8d-4341-4885-9575-0c71f13a324b,b98edd7e-dbda-4d3c-9945-757f66f2d69a,68bb90e9-0d17-49db-832e-e8b37bf56c81,2023-05-14 01:26:35,325.5659418628436,Like area single usually he system.
1ec3b7fa-4231-483f-84a8-362484201ab2,1fb50052-26c2-4470-82d3-9e611fc32671,0ae1862c-625a-478f-8218-863a565eb177,2023-02-03 04:02:06,347.70195964660337,Everyone street doctor relationship.
d168f338-a7ab-4e25-8406-9c588d9cd38b,3c0383a8-6995-4c67-b6aa-1082dd1ebacf,e3e62b42-3e81-4bdb-8703-65f165069df4,2023-07-19 13:20:34,234.4671020980479,Painting anyone strategy quickly.
68af9e66-e64a-4ee7-a12d-b6c584a16467,e3615737-6b9e-4681-9435-71d0f837f9e6,8da43670-fb3d-416b-9031-cedd0e304e91,2023-02-09 18:52:13,108.78156480057982,Person word trouble little yet less job.
ad5197ba-c750-4eac-b779-a705c12a7e15,e281518d-e495-4494-bac6-d3017878cc67,0a83b84e-8340-409e-b70a-b51e32cf6510,2023-01-05 13:56:36,334.8707579420128,Well rich treat think side product century.
b16ea1d9-f5ed-4507-a44e-34fcd81ab7af,51db6753-6eb9-4f02-a5ec-97a002526211,120998c8-3bad-4092-bfd7-fa477f3a138f,2023-03-10 03:45:02,116.60481280727164,You take feel.
507d8178-6905-40ea-8bfe-d4bd9ca4c292,9c916f55-4c78-4e96-b499-68c99b3c6f55,751e97bc-c1d6-4cdf-878d-5d6a5d69d304,2023-08-12 15:50:28,344.29955402889215,Quality attack school right.
4b07e882-5239-47ce-b948-27a5f051d989,7562b350-590d-43c7-b904-8fe0a7ae8438,35436bf2-5f8f-47f4-a770-39ff3123427d,2023-06-10 08:39:26,174.27768552545763,Card senior new recent.
0efadf50-7786-41e6-9ff2-df544ce0828f,ede280a0-06e8-4912-a8a8-e9b3693cc461,1eb2996a-cd00-435c-88b6-7dfbf6cc4aac,2023-07-11 13:47:29,207.54868769407102,Person recent car important article skill.
70bb7b2c-2ed1-4c8c-9078-c1c6c9e18186,3f594954-bc55-4518-8020-06c0d71e6854,85296fc5-daef-40e9-b447-83ffaf0b3f8c,2023-05-14 19:57:02,382.610840434198,Red growth time pay month ahead.
06bbbbda-9b13-4495-990b-0d27ad6bb56b,8a8da3f0-ddd0-42ed-9af4-750e753cd7ba,101a575b-3b2c-4539-833d-3acb28784232,2023-03-13 23:18:47,244.8462656962805,To late evening house subject.
779c8706-f166-4448-aa95-22c1951e748b,2f21fe81-2281-4323-a64b-62d02ea72d57,a8bb164e-488d-4c21-be83-7a1eb1244b9d,2023-03-12 16:02:35,387.1400958646238,Other deep interview thought leader quality ever.
1e6d5742-614b-4561-9cfa-9e267843207f,f6ec18ef-8229-4f6a-9480-2f342a764bea,92fa3269-c061-4071-9422-44420ba0e415,2023-02-02 21:45:47,224.6572752088397,Century listen bar.
a933271c-e6dd-44c0-948e-f2a29bcfb63f,df3b217c-07e9-45a5-93a7-1567b804c9c8,ac136cdc-041b-427e-9ad1-c8307f9827f4,2023-01-22 07:49:56,463.8084201017535,Simple often stuff continue beyond.
0cc5a56d-a8d8-486e-adda-dca32ddeaad5,179bf228-dadb-45fd-a0bb-b5838d53ceeb,98d613b5-23d9-472b-8b7a-124a4f333be1,2023-03-21 14:23:36,457.81831441046046,Allow support different worry second.
cff66ec7-67c1-457a-9ec3-e5454a91491d,06267109-2aab-4931-a7c9-1e3bdd0eb2d2,1ed3fc36-c0ab-498b-9437-959e87e0cb74,2023-08-15 19:08:16,144.2829169438637,Try reveal final whether find style himself.
964fa30d-17a4-4dfb-b14a-06a74443e3fd,2fa8128e-ecdb-493e-af84-ce3c02eed821,ef9868b2-886f-4419-aa28-3c57411b78b9,2023-04-20 12:46:17,198.36860558076233,Pretty economy commercial set of.
29a11126-ca35-4ebb-bd2b-77815b9eff8f,f470844c-c999-44b5-94de-024b64969a58,13eb28b5-f467-4e5e-9a1e-18e0886b68e5,2023-08-17 10:46:04,229.0670921384379,Performance whose care now.
57b8860d-2974-4ace-a4ee-414bba9a0a6b,e0a09df4-822b-4493-b034-56c37995a544,84cb79b6-0619-4ec5-8ba5-4a7cc35dafc3,2023-02-10 13:05:02,479.657685839061,Power employee charge share someone standard however.
3becb9ca-0e3e-4a1f-9f8e-bb7f6d940748,79e89317-08d7-4fd7-9513-3b3dba4dd21c,34a8c63f-ca43-42c0-b27a-5325dd8e35f5,2023-07-27 17:58:12,112.59611379238252,Value light stuff choice white wall the responsibility.
6d00aeda-74ca-4e7c-ad48-ba65a8b34321,d9542053-6150-484c-aa66-290096d80c9e,11dab8b9-2bfd-4489-a757-d956c2ddd114,2023-01-26 01:47:36,91.59274972978632,Them quite machine language us owner smile research.
84f37e18-31bb-46f1-9838-79233869bb2d,9faf3942-f975-4198-a46c-6d7319cc1c40,e3e62b42-3e81-4bdb-8703-65f165069df4,2023-01-01 16:47:38,234.4671020980479,Experience top discuss while.
142460a9-63c7-4734-8d3c-cb6adc357bbc,71becc5a-a309-486b-b1d4-eddd5a52e21f,c3394b03-7e65-40b6-9746-2982ae1a5706,2023-07-06 02:47:59,384.57880825994977,Model radio lead population film.
aafb1cd6-1a0c-46de-8f18-7deba991c4cf,4d4c3287-7c2c-4dbb-b83e-02c7b5a0c820,21a044b5-3c59-41b5-b35a-0bf5aa72b29a,2023-02-18 12:13:52,63.81308906780687,Southern age not industry feel performance writer.
9b3b4783-b0f6-4999-af8c-4744bef4ee7d,4dbce5c6-fd25-4c73-a675-28b05adfa9b0,42f2cd39-b517-499d-bf1e-8f368db9bd86,2023-03-26 10:41:43,141.10414146777381,Leg find not exactly enjoy card investment.
27825b75-a829-48db-a3c4-364426276517,c68fe665-b815-45c5-bd34-1bc24e1cd1b3,5a0b07eb-e817-4c58-a11c-10d481eb330c,2023-02-14 06:54:01,311.9704344193181,Grow because response enough important least.
d7e0b7c6-125b-47e0-96b5-55393dcd6ddc,478752a2-055c-46b1-ae78-63133eaa0914,8d9afc9f-b60a-406d-81ea-0c2e7ff59c35,2023-07-05 01:53:25,40.34580177764852,Century improve policy over page.
ab916202-b9ed-444e-b950-3bd727c1730f,c9be577f-567b-40ab-8a74-8fe566ee7d6b,d3564610-7741-4ac6-8792-3363c17daa12,2023-05-22 23:39:01,439.0956045171488,Baby matter accept its home huge.
93182019-822f-4911-ac5e-6a8e2347bf0f,c9490524-d8cf-4c93-b76e-1266b1f8a346,34b1e251-f61a-4611-b5b7-4fde4b4c7dfa,2023-06-22 14:38:39,170.21809559029992,Pattern business Congress direction drive rich.
3b22a529-d866-41ee-b74a-7bd2287e4199,64735c00-0b3e-4668-9877-7561592ba7a3,2fb02073-75ba-42b2-b840-4c02cc129080,2023-05-13 10:31:59,232.0107058744015,Learn federal life lay particularly.
d6392e66-9c08-49c7-b3a9-2f447a35e07e,c1da12de-dfb6-48e0-9361-78efb08b228b,4c562725-dff2-434b-aa21-bf638dcd2d05,2023-03-09 13:14:13,481.4963137418113,Early number exactly year create paper mother.
17074621-b2fe-43bd-a7e4-38833e9d11bb,32f0f541-a4fb-4842-9d3f-81baca66ecd6,f82f060a-82df-48f3-82d6-fe252e7fb782,2023-03-15 17:39:31,388.5888131695544,Foreign event evidence strategy purpose worker.
9938c82d-0543-40b2-9c98-18813067068c,20545e22-b50c-49c8-9b79-5e7c54973205,dbb83af4-1924-4446-9882-8fb93efeb4ca,2023-07-24 10:41:01,287.3970295778301,Care onto song wish glass score start wind.
c33c103c-0b48-469c-94dd-0d62ef87513c,c0b87f05-59e4-4a29-948e-9cf116e1d29e,db4d8969-7046-48a0-966e-efb0b0979b04,2023-01-17 03:46:38,32.71525127037849,Affect appear quickly go institution.
bd23b665-79ac-42fd-b03e-291a1dce95f7,360f2e46-ae26-4de1-8428-f87342bf488a,46239482-02a0-415d-8669-5a0c1fd64014,2023-06-04 15:45:36,488.81359688223097,Hand daughter sort practice.
65750011-38a9-406f-9114-532c164e75bf,8fb8f59b-c4f1-4ab7-8f3e-6691a5880894,a8cc74a8-5bc6-4d9f-9ac1-4dbab419ad13,2023-03-14 11:48:12,434.7085600542991,Detail nation data wonder stuff piece.
1ffe6aad-e6f2-48af-bc87-eee5861bbb10,65c9cdef-d9a6-424e-b129-fdc0bb405894,58d3bc74-50f4-4934-8581-646f25ba10c6,2023-04-09 00:15:28,367.01950393459344,Piece whose nearly agree drop few.
fdd6955d-149b-45cd-a7a9-86c2b84133c3,dec4f4d7-980b-4af4-a956-214a946bd105,7a50443e-5a4e-4c99-b369-49c3f05da7f5,2023-01-13 11:58:08,471.4935814186704,Tell best cultural success experience accept even.
e76addfa-3898-4ba6-8dc5-0db676cb69ef,3595c09e-86ee-4c71-8e8a-d6dd6a9fd7ad,2158c472-2bf7-428d-88e5-aa9615004cde,2023-03-02 11:24:38,38.78005015406421,Stay natural single huge.
f00c7af8-94eb-40dd-8a32-8d68bb430bc6,98d6b7ae-7ed2-4ad4-8f78-e33163b3af60,46239482-02a0-415d-8669-5a0c1fd64014,2023-01-08 16:49:44,488.81359688223097,Much edge born.
7fe599a0-3247-46ed-9e97-5e18b28bb873,df4a9521-d5a8-4176-8ddb-0c603a42a23e,f668de15-d3f6-4836-be0e-7f9b33327524,2023-05-05 15:56:02,463.39854807622476,Religious dark explain baby rate.
062cd0a5-412a-4830-ad22-14cd1fe6d455,53cc75e9-e5b9-4eab-b815-de89ecd65cb1,1a7f4883-21c8-42de-9d3e-c0b7c3af389d,2023-05-26 05:25:50,211.3338255719861,Now charge class rate agency thousand.
18243d15-e06e-4b73-9bdc-728073cf0d66,f6ec18ef-8229-4f6a-9480-2f342a764bea,92fa3269-c061-4071-9422-44420ba0e415,2023-03-01 03:26:40,224.6572752088397,Congress almost space should.
51d8af35-906b-4c50-b7ef-e4de384fb5d0,68a8ce70-a9b3-41eb-b938-06482fc7673a,6cc42258-92fb-47f5-802d-126545626f3a,2023-06-29 07:20:00,35.05819234183831,Civil character poor tax tell.
